name,slug,phone,email,website,address,city,state,zip,serviceArea,minFee,truckCapacity,hoseLength,waterType,waterSource,isVerifiedPro,isActive,isClaimed,yearsInBusiness,serviceRadius,truckCount,pumpType,hoseMaterial,insuranceCertificate,hours,plusCode,ada,lgbtqFriendly,veteranOwned,womenOwned,certification,description
"Saguaro Water & Ag Services","saguaro-water-ag-services","(480) 555-0598","water@saguaroag.com","https://saguaroag.com","780 S Ellsworth Rd","Mesa","AZ","85208","Mesa, Apache Junction, Gold Canyon, Florence, Coolidge, Casa Grande","275","4500","100","both","","true","false","false","","","","","","","","","","","","","","Agricultural and potable water specialists serving the East Valley and rural Arizona. We fill stock tanks, irrigate orchards, service remote work camps, and deliver emergency potable water to areas without municipal supply. Owner-operated with 18 years of experience."
"Camel Water Service","camel-water-service","(520) 744-1300","","","","Tucson","AZ","","","","","","","","false","false","false","","","","","","","","","","","","","",""
"Wendy's Water Truck Company LLC","wendys-water-truck-company","+16619444420","","https://wendyswater.com/","Pearblossom","Antelope Valley","CA","93553","","","4000","","","","false","true","false","","","","","","","","","false","false","false","true","License # 96094","The A.V.'s Only Drinking Water Source. We Are California Health Dept. Certified and L.A. County Approved.  - Swimming Pool Services - image2 Pools, ponds, we do it all!     *Certified clean water ONLY  *NON- POTABLE, IRRIGATION, or RECYCLED WATER NEVER USED"
"H2eco Water","h2eco-water","","","","","Phoenix","AZ","","","250","","","","","false","true","","","","","","","","","","","","","","",""
"Andy's Water Truck Service","andys-water-truck-service","(520) 622-0933","","","4718 S Irving Ave, Tucson, AZ 85714, USA","Tucson","AZ","","","","","","","","false","false","false","","","","","","","","","","","","","",""
"Splash Water Services","splash-water-services","(520) 623-3284","","https://splashbulkwater.com/","16821 W Silverbell, Marana, AZ 85653, USA","Tucson","AZ","","","","4000","","","","false","false","false","","","","","","","","","","","","","","With Splash Bulk Water, you can rest assured that the water is clean and safe. When you opt for bulk water delivery service, you can be confident that you will receive clean, pre-treated water, which means it will have less rust, minerals, and metals."
"Alpha Omega Water Hauling","alpha-omega-water-hauling","(928) 582-1126","","","","Yavapai","AZ","","","","","","","","false","true","false","","","","","","","","","","","","","",""
"Apache Junction","apache-junction","(480) 474-9603","","","","Rainmaker Rentals","AZ","","","","","","","","false","true","false","","","","","","","","","","","","","",""
"H2o 2u Potable Water Delivery","h2o-2u-potable-water-delivery","(928) 535-5620","","","","Overgaard","AZ","","","","","","","","false","true","false","","","","","","","","","","","","","",""
"Pinetop , White Mountain Water Hauling","pinetop-white-mountain-water-hauling","(928) 240-1165","","","","Peoria","AZ","","","","","","","","false","true","false","","","","","","","","","","","","","",""
"Hills of Texas Bulk Water","hills-of-texas-bulk-water","+15125546451","","","564 Parking lot","Austin","TX","78767","","","","","","","false","true","false","","","","","","","Monday: 9 AM–5 PM  Tuesday: 9 AM–5 PM   Wednesday: 9 AM–5 PM   Thursday: 9 AM–5 PM   Friday: 9 AM–5 PM   Saturday:  Closed   Sunday:  Closed","7796+X2 Austin, Texas","","","","","",""
"D & S Water Hauling","d-and-s-water-hauling","+16143783236","","",""," Groveport","OH","43125","","","","","","","false","true","false","","","","","","","","V3FR+JF Groveport, Ohio","false","false","false","false","",""
"Norm Paul Water Hauling Inc","norm-paul-water-hauling-inc","+15308855760","","","1101 Skyline Dr","Auburn","CA","95602","","","","","","","false","true","false","","","","","","","","WWXQ+72 Auburn, California","false","false","false","false","",""
"Alpha Pool Fill & Bulk Water","alpha-pool-fill-bulk-water","13864025109","","http://alphapoolfill.com/","","","","","","","","","","","false","true","false","","","","","","","Sunday (Easter) Open 24 hours Hours might differ  Monday Open 24 hours  Tuesday Open 24 hours  Wednesday Open 24 hours  Thursday Open 24 hours  Friday Open 24 hours  Saturday Open 24 hours","","false","false","false","false","",""
"D&D Bulk Water Delivery Services","d-d-bulk-water-delivery-services","13217014494","","https://ddbulkwaterservices.com/","221 W Hibiscus Blvd, ","Melbourne","FL","32901","","","","","","","false","true","false","","","","","","","Sunday: Closed Monday: 8 AM–5 PM Tuesday: 8 AM–5 PM Wednesday: 8 AM–5 PM Thursday: 8:30 AM–5 PM Friday: 8 AM–7 PM Saturday: 8 AM–4 PM","","false","false","false","false","",""
"Premier Water Services LLC","premier-water-services-llc","12399003455","","http://www.premierwaterservicesfl.com/","1126 SE 12th Ct","Cape Coral","FL","33990","","","","","","","false","true","false","","","","","","","Sunday Closed  Monday 8 AM–5 PM  Tuesday 8 AM–5 PM  Wednesday 8 AM–5 PM  Thursday 8 AM–5 PM  Friday 8 AM–5 PM  Saturday 8 AM–12 PM","","false","false","false","false","",""
"Davis Water Service","davis-water-service","18002348845","","https://www.daviswaterservice.com/","1855 Fairbanks St","Lakeland","FL","33805","","","","","","","false","true","false","","","","","","","Sunday: Closed Monday: 8 AM–5 PM Tuesday: 8 AM–5 PM Wednesday: 8 AM–5 PM Thursday: 8 AM–5 PM Friday: 8 AM–5 PM Saturday: Closed","3287+XV Lakeland, Florida","false","false","false","false","",""
"AG Water Solutions","ag-water-solutions","12392728172","","https://sites.google.com/view/agwatersolutions","","","FL","","","","","","","","false","true","false","","","","","","","Sunday: Closed Monday: 6 AM–6 PM Tuesday: 6 AM–6 PM Wednesday: 6 AM–6 PM Thursday: 6 AM–6 PM Friday: 6 AM–6 PM Saturday: 6 AM–6 PM","","false","false","false","false","",""
"Wrangler bulk Water Delivery","wrangler-bulk-water-delivery","15129393121","","","","","TX","","","","","","","","false","true","false","","","","","","","","","false","false","false","false","",""
"Swift Bulk Water Delivery","swift-bulk-water-delivery","(512) 858-8400","ray@swiftbulkwater.com","http://swiftbulkwater.com/","10604 Circle Drive","Austin","TX","78736","","","5000","","","","false","true","false","","","","","","","Monday:  	9 AM–5 PM  Tuesday:  	9 AM–5 PM   Wednesday:  	9 AM–5 PM   Thursday:  	9 AM–5 PM   Friday:  	9 AM–5 PM   Saturday:  	Closed   Sunday:  	Closed","63R6+V9 Austin, Texas","","","","","TCEQ Certified #2270423","Our Bulk Water Delivery Service brings fresh water to you!"
"Bay Area Water Trucks","bay-area-water-trucks","+14082980500","info@BayAreaWater.com","http://www.watertruk.com/","","San Jose","CA","95112","","","","","","","false","true","false","","","","","","","","","false","false","false","false","","Providing complete water transportation services.  Our bulk  transport division delivers specialized water products for whatever your needs.  Fresh water for domestic use using our food-grade tankers Industrial waters (reclaimed, seawater, specialized)  Our Industrial division provides highly capable trucks for: Construction The film production Industry"
"Jensen Water Trucks","jensen-water-trucks","+13104552463","gary@jensenwatertrucks.com","https://www.jensenwatertrucks.com/","1137 Fernwood Pacific Dr, Topanga, CA 90290","","","","","","","","both","","false","true","false","30","","","","","","Sunday: Closed  Monday: 8 AM–5 PM   Tuesday: 8 AM–5 PM   Wednesday: 8 AM–5 PM   Thursday: 8 AM–5 PM   Friday: 8 AM–5 PM   Saturday: 8 AM–5 PM","39HW+JJ Topanga, California","false","false","false","false","","At Jensen Water Trucks, we take pride in being the go-to provider of water delivery services in the Santa Monica mountains area. With years of experience and a strong track record of customer satisfaction, we have earned a reputation for delivering clean and high-quality water in a timely manner. I am dedicated to meeting the unique needs of our clients and ensuring their complete satisfaction. Choose Jensen Water Trucks llc, for all your water delivery needs."
"Hydro Haulers Bulk Water Delivery","hydro-haulers-bulk-water-delivery","15125177687","","https://brand.page/hydrohaulersbulkwater","","","","","","","","","","","false","true","false","","","","","","","Sunday: 6 AM–10 PM Monday: 6 AM–10 PM Tuesday: 6 AM–10 PM Wednesday: 6 AM–10 PM Thursday: 6 AM–10 PM Friday: 6 AM–10 PM Saturday: 6 AM–10 PM","","false","false","false","false","",""
"Lunde Water, LLC","lunde-water-llc","16612695087","","http://lundewaterllc.com/","3370 Country Way","Acton","CA","93510","","","","","","","false","true","false","","","","","","","Sunday: Closed Monday: 7 AM–5 PM Tuesday: 7 AM–5 PM Wednesday: 7 AM–5 PM Thursday: 7 AM–5 PM Friday: 7 AM–5 PM Saturday: 7 AM–5 PM","FR44+VJ Acton, California","false","false","false","false","",""
"310 Bulk Water","310-bulk-water","(602) 228-8753","","","","","AZ","","","","","","","","false","true","false","","","","","","","","","","","","","",""
"Phillips Water Hauling","phillips-water-hauling-weatherford-texas","+18175998600","","","6308 I-20","Weatherford","TX","76088","","","","","","","false","false","false","","","","","","","","P354+45 Weatherford, Texas","","","","","",""
"H2eco Water LLC","h2eco-water-llc","(713) 812-8400","","https://www.h2ecowater.com/","16310 Aldine Westfield Road","Houston","TX","77032","","","","","","","false","true","false","","","","","","","","","","","","","","Oops! Something went wrong while submitting the form."
"Ken's Satellite and Potable Water Hauling LLC.","kens-satellite-and-potable-water-hauling-llc","(432) 638-9931","","http://www.kenspotablewater.com/","2901 South County Road 1255","Midland","TX","79706","","","","","","","false","true","false","","","","","","","","","","","","","","Our mission is to provide reliable water hauling services in the Permian Basin, delivering exceptional service at a fair price while upholding the highest standards of safety and compliance. With a legacy spanning over 50 years, we take pride in being a trusted partner for our community's water needs."
"Ripple Bulk Water Delivery","ripple-bulk-water-delivery","(830) 800-1900","","http://www.ripplebulkwater.com/","4227 Tyx Trail","Spicewood","TX","78669","","","","","","","false","true","false","","","","","","","","","","","","","TCEQ Certified","We are TCEQ Certified and Approved as a licensed water hauling company by the Texas Commission on Environmental Quality (TCEQ), as we adhere to all the necessary state guidelines and regulations to ensure the highest standards of safety."
"Water Runner LLC","water-runner-llc","(432) 661-3768","","https://waterrunner.com/","11906 Jordy Rd","Midland","TX","79707","","","","","","","false","true","false","","","","","","","","","","","","","TCEQ Certified","Based in Midland, but capable of delivering throughout the lower 48 states"
"Frontier Bulk Water Delivery","frontier-bulk-water-delivery","(830) 262-8355","","http://frontierbulkwater.com/","1885 Farm to Market Road 1980","Marble Falls","TX","78654","","","","","","","false","true","false","","","","","","","","","","","","","","[](https://frontierbulkwater.com/ ""Frontier Bulk Water "")"
"Live Oak Water Delivery","live-oak-water-delivery","+15122004355","","https://liveoakwaterdelivery.com/","502 S Myrtle St","Georgetown","TX","78626","","","","","","","false","true","false","","","","","","","Sunday: Open 24 hours Monday: Open 24 hours Tuesday: Open 24 hours Wednesday: Open 24 hours Thursday: Open 24 hours Friday: Open 24 hours Saturday: Open 24 hours","J8QF+JV Georgetown, Texas","false","false","true","false","TCEQ #2460176","Make a payment here. We provide bulk potable water delivery. Call us for bulk water delivery needs for: Drinking water systems Farming Pools ...and more! We are open to discussing your specific needs. Serving Travis, Williamson and surrounding counties."
"Lone Star Bulk Water Delivery","lone-star-bulk-water-delivery","(512) 588-0246","","http://www.lonestarwaterdelivery.com/","8219 County Road 404","Spicewood","TX","78669"," ✓ Friendly, reliable service Serving our neighbors across the Texas Hill Country for years. Water for every need Swimming pools, stock tanks, cisterns, rainwater collection & more.","","","","","","false","true","false","","","","","","","","","","","","","TCEQ #0270151","Lone Star Bulk Water \| Easy & Reliable Bulk Water Deliveries"
"H2oExpress.co of NY Fresh Water Haulers - Chittenden, Franklin, Lamoille and Addison Counties","h2oexpressco-of-ny-fresh-water-haulers-chittenden-franklin-lamoille-and-addison-counties","(802) 658-2223","","","","Bennington","TX","","","","","","","","false","false","false","","","","","","","","","","","","","",""
"Clear Choice Water Delivery","clear-choice-water-delivery-az","+19282077253","","https://clearchoicewaterdelivery.com/","36233 AZ-61","Concho","AZ","85924","Concho, Vernon and St Johns.","","3000","","","","false","false","false","","","","","","","Sunday: 8 AM–4 PM  Monday: 7 AM–5 PM  Tuesday: 7 AM–5 PM  Wednesday: 7 AM–5 PM  Thursday: 7 AM–5 PM  Friday: 7 AM–5 PM  Saturday: 7 AM–5 PM","977W+9C Concho, Arizona","","","","","","Bulk water delivery.   1000 Gallon Delivery We offer 1000 gallon deliveries to all areas. With our minimum being approximately 300 gallons to the Concho & Vernon area.  2000 Gallon Delivery We also have a larger truck and are able to deliver 2000 gallons at once for those who have larger tanks!"
"Alkaline Living Water","alkaline-living-water","(210) 677-5381","","http://www.alkalinelivingwater.net/","6330 De Zavala Road","San Antonio","TX","78249","","","","","","","false","false","false","","","","","","","","","","","","","",""
"Alkaline Water Leon Valley","alkaline-water-leon-valley","(210) 960-5567","","http://alkalinewatersatx.com/","6526 Bandera Road","San Antonio","TX","78238","","","","","","","false","false","false","","","","","","","","","","","","","",""
"Hamilton Pool Bulk Water","hamilton-pool-bulk-water-tx","+15126767531","info@hamiltonpoolbulkwater.net","https://hamiltonpoolbulkwater.net/","","","TX","","","","","","","","false","true","false","","","","","","","Sunday: Closed Monday: 7:30 AM–6 PM  Tuesday: 7:30 AM–6 PM   Wednesday: 7:30 AM–6 PM   Thursday: 7:30 AM–6 PM   Friday: 7:30 AM–6 PM   Saturday: Closed","7WW7+J9 Dripping Springs, Texas","false","false","false","false","TCEQ ID # 1050240","We are family owned and operated; delivering water to Dripping Springs and the surrounding communities.  Our goal is to earn your business by providing you with safe drinking water at a competitive price."
"Hydro Haulers bulk water","hydro-haulers-bulk-water","","","","10351 Ranch to Market Road 150","Driftwood","TX","78619","","","","","","","false","true","false","","","","","","","","","","","","","",""
"Corky's Bulk Water Delivery","corkys-bulk-water-delivery","(830) 377-2779","","https://www.facebook.com/corkys.lawncare/","10771 Park Road 37","Lakehills","TX","78063","","","","","","","false","true","false","","","","","","","","","","","","","",""
"McKenzie Mist Water Company","mc-kenzie-mist-water-company","541-747-5068","bulkwater@mckenziemist.com","mckenziemist.com","4222 W 6th Ave","Eugene","OR","97402","","","3000","","both","","false","true","false","","","","","","","Monday through Friday - 9:00am to 5:30pm","","false","false","false","false","","Residential Delivery for:  Cisterns  Holding tanks  Ponds  Pools, spas, and hot tubs  Emergency storage tanks  Commercial Delivery for:  Construction sites  Farms and Agriculture  Events"
"Artesia Springs LLC","artesia-springs-llc","(210) 637-5554","","http://www.artesiasprings.com/","8130 Interchange Parkway","San Antonio","TX","78218","","","","","","","false","false","false","","","","","","","","","","","","","",""
"San Antonio Water System","san-antonio-water-system","(210) 704-7297","","https://www.saws.org/","2800 U.S. 281","San Antonio","TX","78212","","","","","","","false","false","false","","","","","","","","","","","","","",""
"Pure Class Water Hauling","pure-class-water-hauling","(830) 777-0707","","https://pureclasswater.com/","314 Mystic Overlook Road","Dripping Springs","TX","78620","Serving Dripping Springs, Tx and surrounding communities!","","","","","","false","true","false","","","","","","","","","","","","","TCEQ Certified","Pure Class Water Hauling is diligent on keeping our tanks, hoses, and fittings sanitary. We clean them weekly , as well as, test each load of water that is loaded into our tanks to assure the water is of the highest quality possible!"
"Bulkwater911","bulkwater911","(830) 225-8028","","https://www.bulkwater911.com/","5310 U.S. 281","Johnson City","TX","78636","","","","","","","false","true","false","","","","","","","","","","","","","","www.bulkwater911.com www.bulkwater911.comwww.bulkwater911.comwww.bulkwater911.com"
"Florida Bulk Water Sales","florida-bulk-water-sales","13525866268","","http://www.floridabulkwatersales.com/","7358 E Tarawood Blvd, Floral City, FL 34436","","","","","","","","","","false","true","false","","","","","","","Sunday: 8 AM–5 PM Monday: 8 AM–5 PM Tuesday: 8 AM–5 PM Wednesday: 8 AM–5 PM Thursday: 8 AM–5 PM Friday: 8 AM–5 PM Saturday: 8 AM–5 PM","PM5Q+M2 Floral City, Florida","false","false","false","false","",""
"Bret Williams Water Truck Services","bret-williams-water-truck-services","+15303133369","","","2240 CA-49","Placerville","CA","95667","","","","","","","false","true","false","","","","","","","Sunday: Open 24 hours  Monday: Open 24 hours  Tuesday: Open 24 hours  Wednesday: Open 24 hours  Thursday: Open 24 hours  Friday: Open 24 hours  Saturday: Open 24 hours","Q52G+9R Placerville, California","false","false","false","false","",""
"Bubba's Water Truck Service, Inc","bubbas-water-truck-service","+15592420100","info@bubbaswts.com","https://bubbaswts.com/","1225 S West Ave","Fresno","CA","93706","Central Valley","","6500","","both","","false","true","false","","","","","","","","","false","false","false","false","CDPH Certified Water Hauler","At Bubba’s, we are committed to providing top-quality potable water delivery, dust control, and aggregate hauling services to our customers across the Central Valley.  Residential Delivery Commercial Delivery Dust Control Aggregate Hauling"
"Mack’s (Potable) Water Trucks","Macks-Potable-Water-Trucks","+19513020748","","G2VF+JC Temecula, California","39220 Gray Squirrel Rd","Temecula","CA","92592","","","","","","","false","true","false","","","","","","","","G2VF+JC Temecula, California","false","false","true","false","","Water Tank Fills  Our specialized dust control services help keep construction sites, unpaved roads, and events dust-free. We contribute to a cleaner and safer environment.   Dust Control  Count on us to deliver clean and crystal-clear water for your swimming pools, adhering to the highest water quality standards. Dive into a refreshing pool experience.  Pool FIlls  In times of crisis, you can rely on us for prompt and dependable emergency water services. We're ready to respond to your urgent water needs."
"Granberg Bulk Water","granberg-bulk-water","+18303854195","granbergwill@gmail.com","https://granbergbulkwater.com/","Po Box 942","Blanco","TX","78606","We deliver to Blanco, Johnson City, Round Mountain, Spring Branch, Bulverde, Canyon Lake, New Braunfels, Boerne, Comfort, Center Point, Fredericksburg, Kerrville, Cross Mountain, Fair Oaks, and Helotes.","","4000","","","","false","true","false","14","","","","","","Monday: 8:30 am – 5:00 pm Tuesday: 8:30 am – 5:00 pm Wednesday: 8:30 am – 5:00 pm Thursday: 8:30 am – 5:00 pm Friday: 8:30 am – 5:00 pm Saturday: Closed Sunday: Closed","","false","false","false","false","Texas Commission on Environmental Quality. (TX 0160053)","A family-owned operation started in Blanco, Texas. Serving the Texas Hill Country since 2012 to deliver bulk potable water for storage tanks, rain tanks, cisterns, and pools. We can deliver 1000, 2000, 2400, 3000, & 4000 gallons at an affordable rate."
"Aguafina Bulk Water","aguafina-bulk-water","(512) 395-7086","","https://www.aguafinawaterdelivery.com/","583 Bonita Drive","Blanco","TX","78606","","","","","","","false","true","false","","","","","","","","","","","","","","We deliver bulk water straight to your storage tanks. Whether you need water for irrigation, livestock, or emergency reserves, we ensure fast and effecient delivery to keep your tanks full."
"AZ Spring Water LLC","az-spring-water-llc","(860) 879-2837","","http://www.azspringwater.com/","42807 North 7th Street","Phoenix","AZ","85087","","","","600","","","false","false","false","14","","","","","","","","","","","","","To be efficient, honest, and courteous is our goal at AZ Spring Water LLC. We deliver potable water to North Phoenix and surrounding areas. Our team is up for every job, no matter how complex, we have the expertise to ensure complete satisfaction. We deliver fresh, clean, clear water straight into your tank, holding tank, pool, above ground pool, spa, jacuzzi, IBC water tanks or any other container. We want our customers to be satisfied with our service, which is why we provide open communication channels throughout each delivery with updates prior to and after a delivery, if requested."
"Aqua Wheels","aqua-wheels","(512) 800-5256","aquaonwheels@gmail.com","http://aquawheels.com/","1667 Hallmark","Canyon Lake","TX","78133","Bulverde Boerne San Marcos Bergheim Blanco Buda Canyon Lake Central Texas Comfort Cordillera Ranch Dominion Dripping Springs Encino Park Fair Oaks Ranch Fischer Fredericksburg Garden Ridge Gruene Guadalupe River Helotes Hidden Oaks Estates Hollywood Park Johnson City Kendalia Kerrville Kyle Leon Valley Live Oak Lost Maples Mystic Shores New Braunfels Northcliff Ramble Ridge Ranch River Chase River Mountain River Road River Rock Ranch San Antonio San Marcos Scenic Oaks Selma Sisterdale Smithson Valley Spring Branch Stone Oak Summerglen Timberwood Park Universal City Wimberley Water Stone Bulk Water Delivery · Serving Central Texas · Austin, San Antonio, Dripping Springs, Wimberley, Blanco, and beyond.","","","","","","false","true","false","","","","","","","","","","","","","TCEQ Certified","Texas Hill Country’s source for bulk water delivery, rain water collection and water storage tank refilling."
"Grand Canyon Drinking Water","grand-canyon-drinking-water","(928) 679-3558","info.gcdw@gmail.com","https://gcdwater.com/","5041 N Deel Drive","Williams","AZ","86046","Self-serve water station and potable water delivery serving the Williams area and surrounding communities.","","","","potable","","false","true","false","","","","","","","We deliver Monday thru Friday, from 8am to 4pm","MV26+WR Valle, Arizona","false","false","false","false","","Our water storage facility is located in Red Lake, four miles north of Williams on Highway 64. Our water is hauled into our large water storage tanks from private wells in Bellemont in our 6,800-gallon tankers. From there it is loaded into either our 4,000-gallon or 2,000-gallon tankers for residential delivery.  Our top priority is to provide the highest quality water. Pure Quality Water Every Drop . . . Every Tank . . . Every Time . . . No exceptions!"
"Flynn Water","flynn-water"," 609-894-0001","","flynnwater.com","P.O. Box 104","Juliustown","NJ","08042","Serving New Jersey, Staten Island NY, Southeastern PA, and Delaware.","","","","non-potable","","false","true","false","35","","","","","","","","false","false","false","false","","Bulk Water Delivery for Emergency & Disaster Relief, Construction, Landscaping Potable and Non-Potable water for disaster relief, firefighting, farms & livestock, and construction site bulk water needs Pipeline hydro testing and flushing Fill compaction and dust control Mason mortar mixing and powerwashing Enviromental injection water, or Carbon filter back washing Drilling and boring"
"Arizona Water Company Bulk Water Vending","arizona-water-company-bulk-water-vending","(480) 982-2201","","https://www.azwater.com/","200 North Ocotillo Drive","Apache Junction","AZ","85120","","","","","","","false","true","false","","","","","","","","","","","","","",""
"WATER DELIVERY","water-delivery","(928) 233-2332","","","451 Park Avenue","Ash Fork","AZ","86320","","","","","","","false","true","false","","","","","","","","","","","","","",""
"Water Mart","water-mart","(480) 955-8655","","https://www.facebook.com/share/1E8wabKhL1/","10855 North Tatum Boulevard","Phoenix","AZ","85028","","","","","","","false","true","false","","","","","","","","","","","","","",""
"Water Runner","water-runner","(806) 445-0391","","https://waterrunneroflubbock.com/","10502 University Avenue","Lubbock","TX","79423","","","","","","","false","true","false","","15","","","","","","","","","","","","[](https://waterrunneroflubbock.com/ ""Go to site home page"")"
"Crystal Creek Water Hauling","crystal-creek-water-hauling","","","","#2222, Phoenix, AZ 85016, USA","Phoenix","AZ","85016","","","","","","","false","true","false","","","","","","","","","","","","","",""
"Southwest Water Truck","southwest-water-truck","(928) 899-7931","","https://hauledwater.com/","588 South Cold Water Lane","Prescott Valley","AZ","86327","","","2100","","","","false","true","false","","","","","","","","","","","","","","[](https://hauledwater.com/ ""Southwest Water Truck"")"
"310 Dust Control LLC","310-dust-control-llc","(602) 228-8753","","https://www.310dustcontrol.com/","48014 North Black Canyon Highway","New River","AZ","85087","","","8000","","","","false","true","false","","","","","","","","","","","","","","Water Delivery & Services Phoenix, AZ \| 310 Dust Control"
"Dynamite Water, LLC","dynamite-water-llc","(602) 620-9667","","https://www.dynamitewater.com/","28150 North Alma School Parkway","Scottsdale","AZ","85262","","","","","","","false","true","false","30","","","","","","","","","","","","","Flexible Delivery Times – We offer anywhere from 1 day to automated systems that notify of need for water with standard deliveries. Service available 7 days a week​."
"White Water","white-water","(602) 462-5300","","https://www.whitewaternow.com/","301 South 29th Street","Phoenix","AZ","85034","","","3600","","","","false","true","false","24","","","","","","","","","","","","","[](https://whitewaternow.com/5-gallon-water-delivery/)"
"Golden Valley Water Hauling","golden-valley-water-hauling","(928) 565-5201","","https://goldenvalleywater.com/","5126 Cowlic Road","Golden Valley","AZ","86413","","","","","","","false","true","false","","","","","","","","","","","","","","More - Get a Quote - Services - About Us - Blog - Contact"
"Water Express","water-express","(480) 442-4348","","http://waterexpresssite.com/?utm_source=gmb&utm_medium=referral&utm_campaign=13423132249821585125","34706 North 137th Street","Scottsdale","AZ","85262","","","","","","","false","true","false","","","","","","","","","","","","","","Water is so much more than a commodity, it's a necessity. We bring you clean, safe and affordable fresh drinking water from commercial fill stations throughout the north valley."
"Arizona Premium Water","arizona-premium-water","(866) 480-0609","","https://arizonawaterdelivery.com/","515 South Drew Street","Mesa","AZ","85210","","","","","","","false","true","false","","","","","","","","","","","","","","Get a quick, no—obligation price check in just 30 seconds and"
"Rio Verde Foothills Potable Water Hauling","rio-verde-foothills-potable-water-hauling","(602) 228-5547","","http://www.rioverdewater.com/","28150 North Alma School Parkway","Scottsdale","AZ","85262","","","","","","","false","true","false","26","","","","","","","","","","","","","""Rio Verde delivered the water to refill our 14K gallon pool. The driver was on time with a fast turn-around time. Also a very good competitive price."""
"Right Water Hauling","right-water-hauling","(928) 527-7973","","http://www.rightwateraz.com/contact","7431 Deville Lane","Flagstaff","AZ","86004","","","","","","","false","true","false","","","","","","","","","","","","","","Flagstaff Holbrook Navajo Tribal Reservation Tusayan Verde Valley Williams"
"Rockin R Water Delivery","rockin-r-water-delivery","(928) 775-7302","","http://www.rockinrwater.com/","Dewey, AZ 86327, USA","Dewey-Humboldt","AZ","86327","","","2200","","","","false","true","false","","","","","","","","","","","","","","Hauled Water Delivery Available throughout Prescott, Prescott Valley, Dewey, Mayer, Chino Valley, and Paulden"
"WATER AND ICE ARIZONA","water-and-ice-arizona","","","https://water-and-ice-az.square.site/","940 North Alma School Road","Chandler","AZ","85224","","","","","","","false","false","false","","","","","","","","","","","","","",""
"Pure Bliss Water & Ice","pure-bliss-water-ice","(623) 252-0751","","https://www.instagram.com/pureblisswaterandice/","17035 North 67th Avenue","Glendale","AZ","85308","","","","","","","false","false","false","","","","","","","","","","","","","",""
"7 PLUS Agua","7-plus-agua","(520) 339-9878","","","2031 East Irvington Road","Tucson","AZ","85714","","","","","","","false","true","false","","","","","","","","","","","","","",""
"Tucson Water Bulk Water Storage Facility","tucson-water-bulk-water-storage-facility","","","","1255 South Beverly Avenue","Tucson","AZ","85711","","","","","","","false","true","false","","","","","","","","","","","","","",""
"Water and Ice Discount Superstores","water-and-ice-discount-superstores","(480) 855-4052","","http://www.facebook.com/WaterAndIceGilbert","1659 South Val Vista Drive","Gilbert","AZ","85295","","","","","","","false","false","false","","","","","","","","","","","","","",""
"Lotus Restoration Services","lotus-restoration-services","(480) 500-5481","","https://lotusservicesaz.com/?utm_campaign=gmb","1035 North McQueen Road","Gilbert","AZ","85233","","","","","","","false","false","false","25","","","","","","","","","","","","","Emergency service available 24/7 Locally, woman owned and operated Over 25 years of experience Work with all insurance companies We do it all from start to finish Licensed, Bonded and Insured"
"Concho Discount Water Delivery","concho-discount-water-delivery","(928) 243-7732","","","30 County Road 5059","Concho","AZ","85924","","","","","","","false","true","false","","","","","","","","","","","","","",""
"HD Water Outlet LLC","hd-water-outlet-llc","(480) 834-8983","","","1119 South Mesa Drive","Mesa","AZ","85210","","","","","","","false","true","false","","","","","","","","","","","","","",""
"The Brad H2o Delivery","the-brad-h2o-delivery","(928) 821-1193","","https://www.facebook.com/brad.waterdelivery","22670 Pine Street","Seligman","AZ","86337","","","","","","","false","true","false","","","","","","","","","","","","","",""
"Water Depot","water-depot","(602) 859-0092","","","6900 North 79th Avenue","Glendale","AZ","85303","","","","","","","false","true","false","","","","","","","","","","","","","",""
"Northern Arizona Water Delivery LLC","northern-arizona-water-delivery-llc","(928) 539-5584","","","517 South Friar Tuck Trail","Williams","AZ","86046","","","","","","","false","true","false","","","","","","","","","","","","","",""
"Water Street Station","water-street-station","(520) 326-4120","","http://www.waterstreetstations.com/","2392 North Country Club Road","Tucson","AZ","85716","","","","","","","false","true","false","37","","","","","","","","","","","","","FIND A STATIONNEAR YOU! At Speedway & Pantano, Grant and Country Club, and 1st and Roger."
"7 Plus Water/Alkaline Water","7-plus-wateralkaline-water","","","","2665 East Broadway Road","Mesa","AZ","85204","","","","","","","false","false","false","","","","","","","","","","","","","",""
"Urbn Water Co. Scottsdale","urbn-water-co-scottsdale","(480) 800-9563","","https://urbnwaterco.com/","14150 North 100th Street","Scottsdale","AZ","85260","","","","","","","false","true","false","","","","","","","","","","","","","","Get the features you need to run your retail store whether you're starting out or scaling up."
"Agua Trucks, LLC","agua-trucks-llc","(623) 734-7767","","https://www.aguatrucks.com/","8525 N 132nd Dr","El Mirage","AZ","85335","","","","","","","false","true","false","","","","","","","","","","","","","","Skip to primary navigation Skip to main content Skip to footer"
"7Plus Water and Alkaline","7plus-water-and-alkaline","","","","1049 North Arizona Avenue","Chandler","AZ","85225","","","","","","","false","false","false","","","","","","","","","","","","","",""
"Southwest Water Tanks","southwest-water-tanks","(928) 713-0010","","https://sw-tanks.com/","588 South Cold Water Lane","Prescott Valley","AZ","86327","","","2500","","","","false","true","false","","","","","","","","","","","","","","We have tanks and parts for Water storage, NFPA Fire Protection, & SepticWe have tanks and parts for Water storage, NFPA Fire Protection, & SepticWe have tanks and parts for Water storage, NFPA Fire Protection, & Septic"
"Andy’s Water 'n Ice","andys-water-n-ice","(480) 820-9169","","http://waternicetempe.com/","3141 South McClintock Drive","Tempe","AZ","85282","Bags available in 8, 12 and 20 pound sizes.","","","","","","false","false","false","36","","","","","","","","","","","","","{""name"":""top link to water card block"",""action\type"":""4"",""optin\action\type"":""5"",""form\redirect\type"":""4"",""form\redirect\funnel\url"":""65de2e092010f"",""form\redirect\custom\url"":"""",""order\form\settings"":{""containers"":\[{""id"":""personal-info-wrapper"",""visible"":true,""label"":{""id"":""of-personal-title"",""visible"":true},""fields"":\[{""id"":""of-full-name"",""setting"":false,""placeholder"":""Full Name""},{""id"":""of-field-email"",""setting"":false,""placeholder"":""Email Address""},{""id"":""of-phone-number"",""setting"":true,""visible"":false,""require"":true,""placeholder"":""Enter Your Mobile Phone"",""additional"":{""sms\permission"":0}},{""id"":""of-gdpr-optin-approval"",""label"":""I Accept To Receive Additional Info"",""placeholder"":"""",""icon"":""fa-mobile"",""required"":0,""visible"":0,""system"":1,""additional"":{""gdpr\optin\approval"":""1""}}\]},{""id"":""shipping-information-wrapper"",""visible"":false,""label"":{""id"":""of-shipping-title"",""visible"":true},""fields"":\[{""id"":""of-shipping-address"",""setting"":false,""placeholder"":""Address""},{""id"":""of-shipping-city"",""setting"":false,""placeholder"":""City""},{""id"":""of-shipping-state"",""setting"":false,""placeholder"":""State""},{""id"":""of-shipping-zipcode"",""setting"":false,""placeholder"":""Postal Code""}\]},{""id"":""profit-bump-wrapper"",""visible"":true,""otoBgColor"":""rgba(219,229,239,1)"",""otoBorderColor"":""rgba(38,71,102,1)"",""otoTitleBgColor"":""rgba(45,78,108,1)"",""otoArrowsColor"":""rgba(255,177,58,1)"",""fields"":\[\]},{""id"":""order-summary-wrapper"",""visible"":true,""orderDynamicBgColor"":""rgba(242,242,242,1)"",""orderDynamicTexColor"":""rgba(51,51,51,1)"",""fields"":\[\]}\]},""optin\type"":{""showLabels"":0,""fields"":\[{""name"":""first\name"",""label"":""Full Name"",""placeholder"":""Enter Your Full Name"",""icon"":""fa-user"",""required"":1,""visible"":1,""system"":1,""additional"":{}},{""name"":""last\name"",""label"":""Full Name"",""placeholder"":""Enter Your Full Name"",""icon"":""fa-user"",""required"":1,""visible"":1,""system"":1,""additional"":{}},{""name"":""email"",""label"":""Email"",""placeholder"":""Enter Your Email"",""icon"":""fa-envelope"",""required"":1,""visible"":1,""system"":1,""additional"":{}},{""name"":""mobile\phone"",""label"":""Mobile Phone"",""placeholder"":""Enter Your Mobile Phone"",""icon"":""fa-mobile"",""required"":0,""visible"":0,""system"":1,""additional"":{""sms\permission"":0}},{""name"":""fields\labels"",""label"":"""",""placeholder"":"""",""icon"":"""",""required"":0,""visible"":1,""system"":1,""additional"":{}},{""name"":""captcha"",""label"":""Captcha"",""placeholder"":"""",""icon"":"""",""required"":1,""visible"":1,""system"":1,""additional"":{}},{""name"":""gdpr\optin\approval"",""label"":""SSBBY2NlcHQgVG8gUmVjZWl2ZSBBZGRpdGlvbmFsIEluZm8="",""placeholder"":"""",""icon"":""fa-mobile"",""required"":0,""visible"":1,""system"":1,""additional"":{""gdpr\optin\approval"":""1"",""sms\permission"":0}}\],""customFields"":\[\],""sortedFields"":\[{""name"":""first\name"",""label"":""Full Name"",""placeholder"":""Enter Your Full Name"",""icon"":""fa-user"",""required"":1,""visible"":1,""system"":1,""additional"":{}},{""name"":""first\name"",""label"":""Full Name"",""placeholder"":""Enter Your Full Name"",""icon"":""fa-user"",""required"":1,""visible"":1,""system"":1,""additional"":{}},{""name"":""last\name"",""label"":""Full Name"",""placeholder"":""Enter Your Full Name"",""icon"":""fa-user"",""required"":1,""visible"":1,""system"":1,""additional"":{}},{""name"":""email"",""label"":""Email"",""placeholder"":""Enter Your Email"",""icon"":""fa-envelope"",""required"":1,""visible"":1,""system"":1,""additional"":{}},{""name"":""mobile\phone"",""label"":""Mobile Phone"",""placeholder"":""Enter Your Mobile Phone"",""icon"":""fa-mobile"",""required"":0,""visible"":0,""system"":1,""additional"":{""sms\permission"":0}},{""name"":""captcha"",""label"":""Captcha"",""placeholder"":"""",""icon"":"""",""required"":1,""visible"":1,""system"":1,""additional"":{}}\],""design"":{""form\background\color"":""rgb(245, 245, 245)"",""field\stroke"":{""size"":""1"",""color"":""rgb(220, 220, 220)""},""field\icons"":1,""button\color"":""rgb(255, 158, 0)"",""button\stroke"":{""size"":""0"",""color"":""rgba(255, 255, 255, 0.2)""},""button\box\shadow\color"":""none"",""field\size"":""small"",""label\size"":""16"",""label\color"":""rgb(0, 0, 0)"",""input\color"":""rgb(52, 152, 219)"",""control\text\color"":""rgb(0, 0, 0)"",""control\text\size"":""15""},""mappedFields"":\[\]},""redirect\type"":{""url"":"""",""target"":0},""next\step"":{""value"":""65de2e092010f""},""click\to\email"":{""value"":""""},""click\to\call"":{""value"":""""},""jump\to\block"":{""value"":""5321489""},""content"":{""header\text"":""PHNwYW4gc3R5bGU9ImZvbnQtc2l6ZToyNHB4OyBmb250LWZhbWlseTonb3BlbiBzYW5zJzsiPjxzcGFuIHN0eWxlPSJsaW5lLWhlaWdodDoxLjRlbTsiPldlIEFyZSBFeGNpdGVkITwvc3Bhbj48L3NwYW4+"",""content\text"":""PHNwYW4gc3R5bGU9ImZvbnQtc2l6ZTo0OHB4OyBmb250LWZhbWlseTonb3BlbiBzYW5zJzsiPjxzcGFuIHN0eWxlPSJsaW5lLWhlaWdodDowLjllbTsiPjxzdHJvbmc+UExFQVNFIEZJTEwgT1VUIFlPVVIgSU5GTyAgQkVMT1cgVE8gU1VCU0NSSUJFPC9zdHJvbmc+PC9zcGFuPjwvc3Bhbj4="",""button\text"":""dW5kZWZpbmVk"",""spam\text"":""PHNwYW4gc3R5bGU9ImxpbmUtaGVpZ2h0OjEuMmVtOyI+V2UgaGF0ZSBTUEFNIGFuZCBwcm9taXNlIHRvIGtlZXAgeW91ciBlbWFpbCBhZGRyZXNzIHNhZmU8L3NwYW4+"",""sms\text"":""UmVjZWl2ZSBTTVMgVGV4dCBVcGRhdGVzIC0gPHNwYW4+b3B0aW9uYWw8L3NwYW4+"",""sms\text2"":""SSBBY2NlcHQgVG8gUmVjZWl2ZSBBZGRpdGlvbmFsIEluZm8=""},""email\confirmation"":{""enable"":1,""subject"":""V2UgQXJlIEV4Y2l0ZWQhIFlvdXIgSW4h"",""message"":""""},""integrations"":\[\],""automation\enable"":0,""thank\you"":{""type"":""popup"",""redirect\url"":"""",""popup\options"":{""background\color"":""#ffffff"",""headline\visible"":1,""icon\visible"":1,""icon\url"":""//my.funnelpages.com/assets-pb/images/thankyou-popup-icon.png"",""subheadline\visible"":1,""button\visible"":1,""button\color"":""#ffa800"",""headline\text"":""PHNwYW4gc3R5bGU9ImxpbmUtaGVpZ2h0OjEuNGVtOyI+VGhhbmsgWW91IEZvciBDb250YWN0aW5nIFVzPC9zcGFuPg=="",""subeadline\text"":""PHNwYW4gc3R5bGU9ImxpbmUtaGVpZ2h0OjEuNGVtOyI+UGxlYXNlIENoZWNrIFlvdXIgRW1haWw8YnIgLz5XZSBXaWxsIEJlIEZvbGxvd2luZyBVcCBTaG9ydGx5PC9zcGFuPg=="",""button\text"":""Q2xvc2U=""}}}"
"Tempe Customer Services Department","tempe-customer-services-department","(480) 350-8361","","https://www.tempe.gov/government/financial-services/customer-services","20 East 6th Street","Tempe","AZ","85281","","","","","","","false","false","false","","","","","","","","","","","","","","Start, Stop, Transfer Service Pay Your Utility Bill"
"Knighthood Water Services LLC","knighthood-water-services-llc","(928) 600-1315","","https://knighthoodwaterservices.com/","7102 East Knighthood Lane","Williams","AZ","86046","","","","","","","false","false","false","","","","","","","","","","","","","","Sherwood Forests Exclusive Residential and Commercial Water Delivery Service! Call today to schedule your delivery! (928) 600-1315"
"Streamline Water LLC","streamline-water-llc","(480) 422-9790","","","2010 East University Drive","Tempe","AZ","85288","","","","","","","false","true","false","","","","","","","","","","","","","",""
"Raul’s Hauling & Junk Removal","rauls-hauling-junk-removal","(480) 931-0310","","http://raulshauling.com/","6218 North 91st Avenue","Glendale","AZ","85305","[AREAS WE SERVE](https://raulshauling.com/service-areas ""AREAS WE SERVE"") OUR SERVICES: - [Dumpster Rentals:](https://raulshauling.com/dumpster-rentals/) We offer dumpster rentals in Phoenix/Glendale & surrounding cities.","","","","","","false","false","false","","","","","","","","","","","","","","Dumpster Rentals: We offer dumpster rentals in Phoenix/Glendale & surrounding cities. 13yd, 15yd, & 20yd dumpsters available for rent. We drop it off, you load it, & we haul it away when you're done. Click here for pricing. Junk Removal:We will load & remove furniture, appliances, mattresses, boxes, TVs, carpet, couches, dressers, wood, yard waste, pianos, hot tubs, pool tables, exercise equipment, playground sets, BBQ grills, trampolines, tires, metal, fences, sheds, bicycles, mirrors, doors, turf, cabinets, etc."
"H2O & More","h2o-more","(623) 214-9988","","","15508 West Bell Road","Surprise","AZ","85374","","","","","","","false","true","false","","","","","","","","","","","","","",""
"Texas Bulk Water","texas-bulk-water","(512) 644-1015","","https://texasbulkwater.com/","7090 U.S. 290","Dripping Springs","TX","78620","Southwest Austin, Dripping Springs, Henly, Buda, Kyle, Blanco, Wimberley, Driftwood, Johnson City, TX","","2400","200","potable","","false","true","false","","","","PTO","FDA-approved, NSF 61","","","","","","","","TCEQ #1050174","We supply water hauling to construction sites, emergency water, wells, storage tanks, swimming pools, landscapes, dust control, concerts, parties and any event that requires lots of water! We deliver bulk portable water in Texas, available 7 days a week. Services include Emergency Water, Water Filtration, Construction Water, Potable Water, Pool Fill Water, and delivery for Wineries, Breweries & Event Venues. Our 2,400-gallon trucks (20% more than standard 2,000-gallon competitors) are equipped with permanently installed PTO pumps for quicker offloads and 200 ft of FDA/NSF 61 approved hose on every truck."
"All About Water","all-about-water","(480) 889-0023","","https://www.allaboutwater.com/?utm_source=google&utm_campaign=gmb_aa-aaw_tempe","112 West Julie Drive","Tempe","AZ","85283","For more than 40 years, All About Water has been the trusted name for plumbing and water treatment services across a large service area, including Phoenix and the surrounding Arizona communities.","","","","","","false","true","false","","","","","","","","","","","","","","Our trusted specialists ensure homes and businesses have healthy, safe, and dependable water in Phoenix, Maricopa County, and beyond."
"Bonito Water Load Station","bonito-water-load-station","(928) 213-2231","","https://www.flagstaff.az.gov/3603/Water-Hauling-Load-Stations","410 North Bonito Street","Flagstaff","AZ","86001","","","","","","","false","true","false","","","","","","","","","","","","","","Create a Website Account\- Manage notification subscriptions, save form progress and more."
"Vern's Water Well","verns-water-well","(623) 780-8710","","http://www.azice911.com/","4410 West Union Hills Drive","Glendale","AZ","85308","Azice911 is a Ice Supplier in Glendale that has been serving the local community with quality Services since 1991.","","","","","","false","true","false","35","","","","","","","","","","","","","- Home - History - ICE Delivery - Thriffty Ice Cream - Events - Community"
"Water Heaters 4 Less","water-heaters-4-less","(480) 277-7420","","http://www.water-heaters-4-less.com/","1044 West Manhatton Drive","Tempe","AZ","85282","They are available in electric, liquid propane (LP) and natural gas models.","","","","","","false","true","false","","","","","","","","","","","","","","Welcome to Water Heaters 4 Less inc. Proud BBB member. My name's Jim Richardson the Chandler AZ / Mesa AZ / Gilbert AZ based hot water heater replacement / repair specialist. I am the one to call for water heater installation / service at a great price for the Metro Phoenix AZ / Scottsdale AZ area. From Queen Creek AZ / San Tan Valley AZ to Avondale / Peoria AZ I can give fast phone quotes, or is your water heater leaking and you need some advice? Call me, I am glad to help."
"Willda Beast","willda-beast","(979) 268-6760","","http://www.willda-beast.com/","15823 Farm to Market 244","Iola","TX","77861","","","","","","","false","false","false","","","","","","","","","","","","","",""
"Clear Choice Water Delivery","clear-choice-water-delivery","(928) 207-7253","","https://clearchoicewaterdelivery.com/","36233 Arizona 61","Concho","AZ","85924","Bulk water delivery serving the Concho, Vernon and St Johns areas.","","3000","","","","false","false","false","","","","","","","","","","","","","","Bulk water delivery serving the Concho, Vernon and St Johns areas."
"Samantha Springs","samantha-springs","(817) 554-8800","","https://www.samanthasprings.com/?utm_source=google&utm_medium=organic&utm_campaign=gmb","712 North Main Street","Keller","TX","76248","Servicing Arkansas, Oklahoma, Louisiana, New Mexico, Texas, & beyond","","6250","","","","false","true","false","","","","","","","Sunday: Closed  Monday: 8 AM–5 PM  Tuesday: 8 AM–5 PM  Wednesday: 8 AM–5 PM   Thursday: 8 AM–5 PM   Friday: 8 AM–5 PM  Saturday: Closed","WPVW+JQ Keller, Texas","","","","","","Samantha Springs is Texas’ leading provider of bulk spring water, sourced from our historic underground spring in Keller, TX. Originally rediscovered in 1984, the spring was fully developed and began delivering water in 1996. Whether you need bulk water for industrial use, pool filling, breweries, co-packers, or private-label bottling, we deliver 6,250 gallons per tanker directly to your site—fast, fresh, and hassle-free. 100% Pure Spring Water – Naturally filtered and sourced from protected springs High-Capacity Bulk Delivery – Tanker trucks deliver large volumes across Texas and beyond Bottling & Co-Packing Solutions – Supplying manufacturers and beverage brands with premium water Certified & Compliant – Exceeds Texas Commission for Environmental Quality (TCEQ) & FDA standards"
"Bulk Water","bulk-water","","","","Williams, AZ 86046, USA","Williams","AZ","86046","","","","","","","false","true","false","","","","","","","","","","","","","",""
"Wild West Water Delivery","wild-west-water-delivery","(480) 982-4508","","https://www.wildwestwaterdelivery.com/","928 North Mountain Road","Mesa","AZ","85207","Serving Maricopa and Pinal Counties, including Mesa, Apache Junction, Chandler, Gilbert, Gold Canyon, Queen Creek, San Tan Valley, Florence, Coolidge, and Casa Grande.","","5000","","","","false","true","false","","","","","","","","","","","","","",""
"Alka1 Llc","alka1-llc","(602) 748-8636","","http://www.alka1.com/","1 West Deer Valley Road","Phoenix","AZ","85027","Locally Owned Phoenix based bottled water proudly serving AZ $20 Off 1st Order Start today and save $20 .","","","","","","false","true","false","25","","","","","","","","","","","","","We deliver great tasting Alkaline Water and refreshing Purified Water right to your door for both home or office!"
"H2O Hydration Spot, LLC","h2o-hydration-spot-llc","(520) 222-6172","","https://www.h2ohydrationspot.com/","9160 North Silverbell Road","Tucson","AZ","85743","Every bottle we produce reflects our dedication to health, the environment, and the people we serve — because we don’t just do business here, we live here too.","","","","","","false","true","false","","","","","","","","","","","","","","At H2O Hydration Co., hydration goes far beyond simply quenching thirst; it represents a deep commitment to enhancing both personal health and environmental sustainability. Drawing inspiration from the resilient and vibrant spirit of Tucson, AZ, the brand delivers a premium alkaline water experience thoughtfully designed to meet the needs of today’s health-conscious and eco-aware consumers. Their cold-filled, ultra-purified alkaline water is carefully formulated to help neutralize body acidity, support optimal hydration, assist in natural detoxification processes, and promote sustained energy levels throughout the day. Packaged in sturdy, reusable aluminum bottles, it perfectly combines sleek, modern design with a strong focus on sustainability. Each bottle is a symbol of their unwavering dedication to providing quality hydration that benefits not only the body but also respects and protects the planet, encouraging a meaningful and lasting shift toward responsible consumption—one thoughtfully crafted bottle at a time."
"Arlington Water Heater Repair & Plumbing","arlington-water-heater-repair-plumbing","(817) 873-8514","","","915 East Randol Mill Road","Arlington","TX","76011","","","","","","","false","false","false","","","","","","","","","","","","","",""
"Lone Star H2O To-Go","lone-star-h2o-to-go","(214) 308-9139","","http://www.lonestarh2o.net/","8700A Main Street","Frisco","TX","75034","","","","","","","false","false","false","","","","","","","","","","","","","",""
"AquaOne, Inc.","aquaone-inc","(888) 631-7588","","http://drinkaquaone.com/","2201 Avenue J","Lubbock","TX","79411","","","","","","","false","false","false","","","","","","","","","","","","","",""